package,pearson_mean,pearson_std,pearson_percentile_2.5,pearson_percentile_97.5,pearson_zscore_by_Dataset_mean,pearson_zscore_by_Dataset_std,pearson_zscore_by_Dataset_percentile_2.5,pearson_zscore_by_Dataset_percentile_97.5,window_size,Class
contrafold_2,0.08952050890165009,0.2024691563707452,-0.31345014416000005,0.4697437933149996,0.42028309895514976,0.8367533104341011,-1.3347616619374563,1.8222502369104971,300,viral_gRNA
eternafold_B,0.0949112927258999,0.21860657801350264,-0.339430395265,0.4929333915624999,0.4284883359566071,0.8571607162381327,-1.3299054557701289,1.9126915326024272,300,viral_gRNA
rnasoft_blstar,0.07446340470320002,0.2057907930997746,-0.33122718081499997,0.4580933558925,0.3498074329249192,0.8226438171923446,-1.3977917896095142,1.7391929655312146,300,viral_gRNA
rnastructure,-0.048270264326750016,0.18636659204669814,-0.40856858701250004,0.32879226561749997,-0.24024032473587814,0.8623440070376802,-1.7787517827166743,1.4403487949047675,300,viral_gRNA
rnastructure_60C,-0.06693265134345008,0.22358257576271337,-0.49293679363250004,0.36484207997749973,-0.3172475518334812,0.8947422430474734,-1.8234155390803075,1.476360012766327,300,viral_gRNA
vienna_2,-0.06860215314015007,0.22474985533990346,-0.49966615665499997,0.34704041980249956,-0.31905160982568903,0.8576168971532611,-1.807557279002424,1.4047315075196924,300,viral_gRNA
vienna_2_60C,-0.06806634674999998,0.22511027284977442,-0.5102341438050001,0.35279666817250005,-0.322039381441627,0.8745152397918433,-1.818099017917389,1.386880944318332,300,viral_gRNA
contrafold_2,0.15345114821370023,0.030365924776809047,0.09760405036750001,0.22088908518750006,0.02626833028528071,0.8741019411176564,-1.7422109217264117,1.557833968148785,300,mRNA
eternafold_B,0.18725177274189983,0.02924603290908279,0.130128188815,0.25300648249,0.9910256133742058,0.7088749283124809,-0.6548055131401788,2.006781908848137,300,mRNA
rnasoft_blstar,0.13533007597203295,0.03620791322109047,0.056229280837500006,0.19798307509500004,-0.3534219275015852,0.7618247731579282,-1.7476323139946888,1.1388329223948395,300,mRNA
rnastructure,0.12803168298683318,0.043565326741826255,0.047355015795000004,0.20635017119250004,-0.5242708407954297,0.8004163714013791,-1.817662538867662,1.1492921777183644,300,mRNA
rnastructure_60C,0.15156694825019992,0.04113157282521728,0.066814151095,0.22394736249000002,0.16377159837203803,0.7791188825040573,-1.4281707183262142,1.59624892812852,300,mRNA
vienna_2,0.1290478450291669,0.04028801716929172,0.04719544683000001,0.20027366441750002,-0.4895917212123926,0.7467882116649048,-1.753762803568634,1.1083724933447092,300,mRNA
vienna_2_60C,0.15215631249296696,0.04314302148954907,0.064162639275,0.22674730589500003,0.18621894747788378,0.8156786621209151,-1.4169458932860897,1.6824490421150942,300,mRNA
contrafold_2,-0.08991407292675013,0.45130056291344056,-0.7415847740949999,0.6476909274474999,-0.15458526529944183,0.8314672051612171,-1.738793650005874,1.3768957569891747,600,viral_gRNA
eternafold_B,0.002286582581999987,0.5663982195704601,-0.7604899750425,0.8046649035725001,0.18000950885634004,1.0287076203887082,-1.6519862481657035,1.8243530968096842,600,viral_gRNA
rnasoft_blstar,-0.037009852763600005,0.4333036343379479,-0.7919932517425,0.6462798480774998,0.042626421438125485,0.8464401445284705,-1.564105384069614,1.615933776270529,600,viral_gRNA
rnastructure,-0.02648290644789999,0.4430266733489161,-0.8013839625850001,0.6719466118224997,0.08691834227531715,0.8275048540379395,-1.4793016139678052,1.5929808853240717,600,viral_gRNA
rnastructure_60C,-0.060788154398900056,0.3472502907607046,-0.7451939461075,0.5131681726199997,-0.04021739705335834,0.9724204336825109,-1.770928279942588,1.770579248647798,600,viral_gRNA
vienna_2,-0.04690088966725003,0.4468227936179386,-0.82475818803,0.6729116603699999,0.007045069478916498,0.8378151538433416,-1.586575542272148,1.5680747141019908,600,viral_gRNA
vienna_2_60C,-0.08212217795839992,0.330921185548905,-0.7379926249800002,0.4923803001674996,-0.12179667969589895,1.059456954139173,-1.8502804137114024,1.9080628879542982,600,viral_gRNA
contrafold_2,0.10447534171803315,0.06882808917705001,-0.037759556754999986,0.2132989273175,0.1657766347027671,0.8469609267572313,-1.6228392854671203,1.607658847051885,600,mRNA
eternafold_B,0.1444360287793665,0.067359859885945,0.0035374532975000015,0.24535696651000005,0.8788501059155904,0.7843111574679812,-1.1021373628717568,1.9675672970171914,600,mRNA
rnasoft_blstar,0.08599613453656657,0.11334276673038142,-0.1385960398575,0.22885412441250005,-0.044691163436446225,0.9720577459128292,-1.8140930969133717,1.7051035772373766,600,mRNA
rnastructure,0.0676800230001335,0.0790279294425331,-0.10084404732749999,0.18472330848750004,-0.4978322596371476,0.7661243449265499,-1.78858262092919,1.1016663597750764,600,mRNA
rnastructure_60C,0.08904045435266662,0.07580038463308207,-0.07060009391000001,0.20234135990000007,-0.11469457725770889,0.780202937018375,-1.611450653152586,1.4004681994071764,600,mRNA
vienna_2,0.08092018840226653,0.08020959176017635,-0.0874590552475,0.20660342811750002,-0.27323730126958756,0.8477484836827923,-1.7390771189793917,1.4841285128710624,600,mRNA
vienna_2_60C,0.08996140971163342,0.07418643642167,-0.0686396199525,0.20570560353750003,-0.11417143901746868,0.8120043642101917,-1.6521469443381418,1.490398525918824,600,mRNA
contrafold_2,0.06348748653369997,0.2099236957229473,-0.3452534563525,0.47371805885999996,-0.05164930562813899,0.9633090139923172,-1.7861565690570087,1.7277919590952828,900,viral_gRNA
eternafold_B,0.06508687783250013,0.1961738842881207,-0.3474282213225,0.436958510165,-0.0326881440654993,0.9173819809441324,-1.7460458696474601,1.5780075180228048,900,viral_gRNA
rnasoft_blstar,0.0680695833666001,0.2057673969712007,-0.3444444769625,0.4608617482275,-0.016928092302736206,0.9330515331141768,-1.7245227904743978,1.6635507459134105,900,viral_gRNA
rnastructure,0.0705219921492,0.19212317435834353,-0.3056548213275,0.4459488074575,-0.02892349554257763,0.9186754564493615,-1.7809445555698784,1.6484628728174493,900,viral_gRNA
rnastructure_60C,0.11357196829519998,0.18763058077701047,-0.2696102096175,0.4432728122649999,0.2019741231537182,0.9016373923118911,-1.570906388387698,1.7588200764272195,900,viral_gRNA
vienna_2,0.038943389844700006,0.19861028139683423,-0.35436645183000004,0.40902395622,-0.16568367770291342,0.9135464109099743,-1.8259076199387256,1.6078038977756117,900,viral_gRNA
vienna_2_60C,0.09376432209150015,0.18497641403118426,-0.26394331562,0.4169237556875,0.093898592088148,0.8901586321495786,-1.6623918876365182,1.6041230343063917,900,viral_gRNA
contrafold_2,-0.021763113911400046,0.2226283717928741,-0.47385913303500005,0.26105143603500003,-0.7119555616551981,0.9407927707402143,-1.9775209366119852,1.2632484529655081,900,mRNA
eternafold_B,0.04393251999740004,0.19087987245741192,-0.3706157392900001,0.29027772111750005,0.579066753665706,0.8529942078237971,-1.2832713200886026,1.8126779924742822,900,mRNA
rnasoft_blstar,-0.0031870576967499885,0.1859349918377812,-0.40507795074749997,0.269123093885,-0.3206036056963274,0.8394092460520024,-1.8904245681379754,1.4991174729507835,900,mRNA
rnastructure,0.026128581465674976,0.1957177716911255,-0.38456026392250003,0.31776554311250005,0.0956594410071887,0.8264878768266307,-1.5674154346674032,1.7154589490527603,900,mRNA
rnastructure_60C,0.013734120578224988,0.198350172434248,-0.40729705159,0.281614797195,-0.07613560331096277,0.7657940053173979,-1.5555772251712208,1.5151702278274617,900,mRNA
vienna_2,0.04017839445999988,0.20121958750269617,-0.376741854445,0.33088708043500004,0.39855483874937253,0.8124432246473977,-1.425461350872166,1.8243360550027112,900,mRNA
vienna_2_60C,0.011852133819199985,0.20541534070693865,-0.4320811452725001,0.2819745098775,0.03541373724022091,0.7964310679492705,-1.6363588966535032,1.461357499654698,900,mRNA
contrafold_2,0.02770367157374994,0.2632984356835001,-0.5730908480375001,0.382225091205,0.22289733937403294,0.8467070853945156,-1.441461339005737,1.7824798535310533,1200,mRNA
eternafold_B,0.04049591083325,0.2920926864405536,-0.62651615128,0.41169904603749996,0.34282739839127596,0.8761053368450084,-1.4414785060168822,1.811223442942575,1200,mRNA
rnasoft_blstar,-0.08265128406105005,0.27146156198721233,-0.66211384865,0.3068483732449998,-0.4281853340396093,0.923133787665293,-1.9001280470288378,1.572429627225386,1200,mRNA
rnastructure,-0.02933643230949999,0.3271091525355476,-0.6716457608625,0.41742939137499996,0.059656311607230006,0.9087542106609978,-1.6109035374764258,1.711717896374301,1200,mRNA
rnastructure_60C,-0.055257135153450106,0.2954152221224459,-0.6535339599200001,0.3577061565025,-0.20467226058988758,0.8883661937559183,-1.7026063285790092,1.6034892180093026,1200,mRNA
vienna_2,-0.016837145917550006,0.3191143738394578,-0.6694727972975,0.43237895274999966,0.10139119137850516,0.918675554966876,-1.5774229587269955,1.7782889394841421,1200,mRNA
vienna_2_60C,-0.034200721925700034,0.2956915930179929,-0.646213689405,0.3721999067074999,-0.09391464612154757,0.889968901571801,-1.6384298463132083,1.7038097527612261,1200,mRNA
contrafold_2,0.3488801465130988,0.1511131167215417,-0.03819104357749999,0.5847529583175,0.5843856283926294,0.5372319806410532,-0.9753834178440416,1.3718824283892392,300,viral_gRNA
eternafold_B,0.3719841944701307,0.14940561432163257,0.0067278041650000175,0.63179612734,1.2003777857248747,0.5376261742408299,-0.39552541359738946,1.8125793720685395,300,viral_gRNA
rnasoft_blstar,0.33563094602418025,0.15180889843398432,-0.0499412049975,0.590137396095,0.23379385355545168,0.5366429568228699,-1.2648141577079983,1.1485227923091157,300,viral_gRNA
rnastructure,0.2891364492187297,0.11824810624915011,-0.006804157099999993,0.5021733803699999,-0.9765447521413302,0.6930195062659441,-1.6652960593183184,1.1425631995414782,300,viral_gRNA
rnastructure_60C,0.32343434013134986,0.14218475729877572,-0.045264806340000005,0.550396082965,-0.02151211315416692,0.48736424762635416,-1.2600607931775256,1.0665428614859829,300,viral_gRNA
vienna_2,0.2893123312711674,0.11833548453765526,-0.0061672067724999925,0.509076971735,-0.9504752322448118,0.6775850293592155,-1.62946563356335,1.1352270872055223,300,viral_gRNA
vienna_2_60C,0.32063214378536886,0.14088412428779207,-0.0453955384075,0.5467946511924999,-0.07002517013264667,0.5081149642503074,-1.4411388770271194,0.9679163483900746,300,viral_gRNA
contrafold_2,0.39826896005465023,0.03714853233133954,0.31633837356000005,0.48649203380499995,-0.1645303380404316,0.7283979869818009,-1.8182796668947834,0.9126356607143656,300,SARS-CoV-2_gRNA
eternafold_B,0.43531632103885026,0.03528422039552998,0.35254804659250005,0.5184905153699999,0.8852728612377756,1.0606096709315294,-1.3712398137889186,1.9389965150138861,300,SARS-CoV-2_gRNA
rnasoft_blstar,0.41648163375984965,0.038207434762205957,0.34088933070750005,0.511345983695,0.25959782606883297,0.7450728567854202,-1.5386128746057866,1.3642132818008068,300,SARS-CoV-2_gRNA
rnastructure,0.4088304711462006,0.06108564355652137,0.349838182785,0.5433933755025001,-0.327480665138809,0.9360754562956842,-1.353645506861065,1.6461314999684133,300,SARS-CoV-2_gRNA
rnastructure_60C,0.39894539455870015,0.041332208299119405,0.32847984586,0.5019511617975,-0.29597357265799923,0.6061123515214709,-1.6013889848176002,1.1366891035058369,300,SARS-CoV-2_gRNA
vienna_2,0.41846663006535006,0.06631907868038925,0.35252292695000004,0.5518485301074997,-0.1304064055043212,1.006252262200733,-1.254833507882723,1.825873506561783,300,SARS-CoV-2_gRNA
vienna_2_60C,0.40436987850305,0.04517134047227976,0.34450122131750005,0.5115860115949998,-0.2264797059650471,0.6279930781551427,-1.5016921990689889,1.3082764991642046,300,SARS-CoV-2_gRNA
contrafold_2,0.28037748780410016,0.15942855670943484,-0.027479280579999977,0.573509930195,0.2751045543719457,0.5623801621995437,-1.29783017103128,1.3045724373630994,300,mRNA
eternafold_B,0.2985950029888713,0.16342823629932224,-0.04708244419,0.57336916585,1.0156249625643974,0.8921253744842499,-1.4618939741636294,1.7993707194674722,300,mRNA
rnasoft_blstar,0.27944654272407055,0.1600899209625146,-0.015812069794999987,0.5756015892575,0.24040757379384173,0.5708335704222225,-1.1865445039524531,1.369399536749838,300,mRNA
rnastructure,0.24622423938688612,0.13988057753493527,0.011801534045000017,0.5328140186625,-1.0279999425254494,0.6818485367345257,-1.7885441412873224,1.0323476829289333,300,mRNA
rnastructure_60C,0.2815144976808571,0.1402973308434588,0.037204791177500016,0.560153593035,0.16187274175218666,0.5226501176996039,-1.051099697021144,1.4053318318273562,300,mRNA
vienna_2,0.25192290099068637,0.1411229173906432,0.020016594737500004,0.5452537575949999,-0.868722235484735,0.7128482641757112,-1.6110195698401164,1.1608548684382014,300,mRNA
vienna_2_60C,0.28270348913781507,0.14038739222845395,0.02818254501500002,0.5556878724175,0.20371234552780854,0.5215773385365735,-1.0511980004131196,1.4141046802599158,300,mRNA
contrafold_2,0.21227500050245018,0.19982030217245722,-0.08904671105,0.4704333109750001,0.9700281120866886,0.6282385369172561,-0.4669219973876866,1.9143206058654871,300,rRNA
eternafold_B,0.2085369134038499,0.18952903912221172,-0.081964529565,0.4586672828925,0.8949355633814953,0.6220465912667343,-0.5607506715932047,1.8661341107500102,300,rRNA
rnasoft_blstar,0.12886635676689995,0.21906004417599095,-0.1827936888825,0.4129327718099999,-0.14001140952110705,0.7555851452612292,-1.6132215969019155,1.2218262024590767,300,rRNA
rnastructure,0.11345769174199997,0.16663264338565528,-0.15810490898000001,0.35063313559000003,-0.38357106478405795,0.8270420461945502,-1.731685081630178,1.3545299796117254,300,rRNA
rnastructure_60C,0.11075485896079997,0.18250502088438952,-0.165936091995,0.3576416199775,-0.4236251339875703,0.699472977485022,-1.656937383778599,1.0901345578638342,300,rRNA
vienna_2,0.1092266484944501,0.2042101434151449,-0.1861710875975,0.38436094404,-0.41723278648133566,0.705357139457429,-1.6834937286522484,1.052279340220174,300,rRNA
vienna_2_60C,0.10459406064090004,0.18730954015685672,-0.1695649753375,0.36219007558499994,-0.50052328069411,0.682466965669033,-1.6993465029945165,0.9728604640122763,300,rRNA
contrafold_2,0.4041642066530132,0.10707688330542732,0.2209496340125,0.6105457837375001,0.582739188544211,0.4104586807131799,-0.5805120323113042,1.180612458649938,600,viral_gRNA
eternafold_B,0.4278375650138758,0.11489250938116331,0.23440909236500002,0.6649503121875,1.233900276151802,0.34248730018589063,0.40964074205795636,1.8118587928229837,600,viral_gRNA
rnasoft_blstar,0.3965688786565114,0.11429164524225593,0.217956067355,0.630807328135,0.35059763410319905,0.42240253746398126,-0.8526751284463867,0.9675100397098582,600,viral_gRNA
rnastructure,0.33411016947527217,0.09334820080148157,0.20672970136000002,0.5389365882375,-1.2247268807096119,0.3360670678091462,-1.7038774085533508,-0.3362647632809289,600,viral_gRNA
rnastructure_60C,0.3853617653701736,0.10332296458961675,0.223710705635,0.5904455484050001,0.12186827291906327,0.4072661561961116,-0.7619021147281839,0.9771769281233105,600,viral_gRNA
vienna_2,0.33440970558171246,0.08950475190001235,0.2110630163725,0.5360927605075,-1.1788631456097929,0.44027955586808004,-1.728937224903905,0.03811653624498065,600,viral_gRNA
vienna_2_60C,0.3846030094662254,0.09994074601389942,0.2233079179825,0.5835859102025,0.11448465460112846,0.400799332684682,-0.6223290050149102,0.9666270421500947,600,viral_gRNA
contrafold_2,0.40924699127119973,0.004997368741010601,0.3990995981175,0.418473135085,0.40911319837028975,0.16861411787671526,0.06903803096802423,0.7230275929617987,600,SARS-CoV-2_gRNA
eternafold_B,0.4428997018370998,0.005041457178667913,0.4331968257525,0.4530912193575,1.655307989354907,0.12173679291576067,1.3926564429497952,1.8754361587968522,600,SARS-CoV-2_gRNA
rnasoft_blstar,0.4138869586850005,0.005166972290296489,0.40393859612500005,0.42390913973,0.580635039418874,0.17134336552003,0.24522208478460264,0.8999587007869729,600,SARS-CoV-2_gRNA
rnastructure,0.36802620793790003,0.005779350439584403,0.3573791066725,0.3801071597050001,-1.1167762355820696,0.17257243105415818,-1.4407171856348866,-0.7658437677065929,600,SARS-CoV-2_gRNA
rnastructure_60C,0.3918510617610001,0.005285791353844473,0.38156566305000006,0.402340048615,-0.23609599218809213,0.1813964203378857,-0.5829702503106006,0.13185415070160256,600,SARS-CoV-2_gRNA
vienna_2,0.3683623696572003,0.005728315909975027,0.3572585427825,0.37975234455,-1.1044548447199392,0.1715691794851515,-1.4163045024842877,-0.7367166421679692,600,SARS-CoV-2_gRNA
vienna_2_60C,0.3931472478633997,0.005322187256822314,0.382981321415,0.4036024433975,-0.18772915465396797,0.1814338146117819,-0.5485172457460699,0.1581666387650344,600,SARS-CoV-2_gRNA
contrafold_2,0.24443247490054182,0.1698291392984806,-0.03513759932749999,0.6341409890875,0.1206328508878469,0.6291400423360675,-1.108280693149339,1.3251794495141405,600,mRNA
eternafold_B,0.28453486750425694,0.15774691132388302,0.0167698292275,0.6479675532124999,1.2246121766509999,0.5354964790743597,-0.18189967860248574,1.8937885986487992,600,mRNA
rnasoft_blstar,0.23042012895061423,0.1872883237251061,-0.10142641898249997,0.6444498677200001,-0.034636763462829186,0.6449215333042467,-1.1972623861641074,1.1500671248676662,600,mRNA
rnastructure,0.19140875446945704,0.18020146080726815,-0.15858639558249998,0.5798228389,-1.112649269094762,0.4766716909830527,-1.914919542896202,-0.004093400222986756,600,mRNA
rnastructure_60C,0.23897894537712702,0.1799736598247201,-0.11081281620749998,0.628879047065,0.21023758645682417,0.6042880861615435,-1.1703762250194136,1.2106475693676932,600,mRNA
vienna_2,0.2016561815183572,0.18201252227202702,-0.12936085119500002,0.60402299365,-0.8798790750843404,0.5009742158680097,-1.5926203080498373,0.325693114364517,600,mRNA
vienna_2_60C,0.25775262180247155,0.16553644920017674,0.00819406139500001,0.6500024766875,0.47168249364625514,0.5139803110382477,-0.483017620083341,1.426285765991378,600,mRNA
contrafold_2,0.02294111085610001,0.3496126986791279,-0.5967904735725,0.6455481726549998,-0.052136909210966934,0.8955294069339891,-1.6237617547871435,1.648891611942982,600,rRNA
eternafold_B,0.050734536246199974,0.34397066725471187,-0.5803977441525,0.6894154187724999,0.005687764553401032,0.8624587813877082,-1.5458975897450964,1.594371886979218,600,rRNA
rnasoft_blstar,0.03537743356170004,0.365820101728162,-0.6179646147325,0.7072733451249998,-0.019495385893965256,0.9304926290181265,-1.644245772402587,1.6962400723224558,600,rRNA
rnastructure,0.09934773418929996,0.35745395653571455,-0.52953693668,0.7347185158124999,0.15094154841442955,0.9330242032608519,-1.5869799881945867,1.7559612910043547,600,rRNA
rnastructure_60C,0.07284922676619997,0.3832971523726297,-0.6173342480275,0.72822669421,0.054543378392999865,0.9537118887400022,-1.6147383128689725,1.7242849742417354,600,rRNA
vienna_2,0.03634647125870001,0.334775171599054,-0.576206100695,0.6322382710999999,-0.01992164909971202,0.8952814359648024,-1.6361703329870514,1.6554352399966006,600,rRNA
vienna_2_60C,-0.0057914085308999885,0.3876263973865234,-0.702120731235,0.6639527371724998,-0.11961874715618626,0.984435808345848,-1.7404321657770407,1.7545211392269644,600,rRNA
contrafold_2,0.41408052214760094,0.11137066288776885,0.2323703420325,0.6356545929875,0.6439810892993335,0.3236752872029465,-0.0051211379003890025,1.3107913884534967,900,viral_gRNA
eternafold_B,0.43819528066325053,0.1175644814762143,0.2408044356775,0.68309361635,1.2889194394089378,0.3085891863038942,0.7045249953326891,1.9527186011394435,900,viral_gRNA
rnasoft_blstar,0.4023411837330238,0.11755821258989951,0.2178145329125,0.6481604665625,0.266039004093918,0.4127455774821436,-0.8162560096807845,0.9059980037178916,900,viral_gRNA
rnastructure,0.3422056990326507,0.09426567864298079,0.2135609677675,0.553598036195,-1.188514280567479,0.40628541856448724,-1.6444228711824096,0.10283411610660224,900,viral_gRNA
rnastructure_60C,0.39554440436537314,0.1057979900501941,0.2204077337875,0.6039747014900001,0.1252665154626264,0.40143522789913766,-0.8478671780605365,0.7734968902595026,900,viral_gRNA
vienna_2,0.34295732990491434,0.09307904637147157,0.2087577584575,0.5523491822225001,-1.1645976769293442,0.43003961200311597,-1.6604031854754173,0.022505054307394433,900,viral_gRNA
vienna_2_60C,0.39267718612178776,0.10451846974554711,0.21007671552249998,0.5985831298650001,0.02890590923200497,0.431794558958633,-1.1839871494577028,0.6619872024026165,900,viral_gRNA
contrafold_2,0.4180508321270002,0.005019693972218584,0.40856585075,0.42761193487250004,0.3500328357874665,0.20345820207903773,-0.04556112532156144,0.7455280590112304,900,SARS-CoV-2_gRNA
eternafold_B,0.4496164473339002,0.004747560274168332,0.440308967705,0.45950280809000005,1.718476294859763,0.13196999308729992,1.4404583810120666,1.9513741638718556,900,SARS-CoV-2_gRNA
rnasoft_blstar,0.42289762013290005,0.005303755335955104,0.41264421548,0.433286663675,0.55889538343742,0.20322762394227067,0.15872392559795787,0.9370123834764552,900,SARS-CoV-2_gRNA
rnastructure,0.38515933328839996,0.005770389113770808,0.3741773216625,0.39666543007,-1.0723221943596453,0.20378300398707752,-1.4371907297056579,-0.643255725424507,900,SARS-CoV-2_gRNA
rnastructure_60C,0.40462009158059975,0.005508112919424704,0.39381082762249997,0.41482894150750005,-0.23190636636029283,0.21738177491472757,-0.6421662219230058,0.18548767865079133,900,SARS-CoV-2_gRNA
vienna_2,0.38640064859990053,0.005791275294303199,0.37489827490250005,0.397498178715,-1.0187801996572952,0.20737837083755747,-1.4087012785859532,-0.5944134035954807,900,SARS-CoV-2_gRNA
vienna_2_60C,0.4029641333201002,0.005313927909477811,0.39261178357500004,0.4133778291525,-0.30439575370741634,0.21471829936900425,-0.6971787944187796,0.135306460363008,900,SARS-CoV-2_gRNA
contrafold_2,0.27734335502901447,0.19442027982387033,-0.04878930021999999,0.7235760182325,0.013938356174541203,0.7317476570165312,-1.4269607244969478,1.383495676922499,900,mRNA
eternafold_B,0.31337791192367054,0.19817009083889778,-0.040953592247500004,0.7424980231075,1.226914881423748,0.6458951824525806,-0.5709565746149958,1.8882966861657169,900,mRNA
rnasoft_blstar,0.2766087931179863,0.20686290850556838,-0.0927491531775,0.7304653182474999,0.12436113035282921,0.6821522810307166,-1.5814417414540793,1.3027103975188425,900,mRNA
rnastructure,0.24127613592838687,0.19255762148608427,-0.11623045151,0.6661451432150001,-1.004654826472986,0.5941447691310843,-1.7856471364427928,0.7033384747184883,900,mRNA
rnastructure_60C,0.27703838055909996,0.19544592183109524,-0.0979136593625,0.7051516343224999,0.11549019151867053,0.5544733641924737,-1.2226665631087494,1.2840897635039001,900,mRNA
vienna_2,0.25081910689114195,0.19002961755013179,-0.09604987309000002,0.6760289938175,-0.7849484032847149,0.6352751118946502,-1.6310414622893123,0.8648053530171133,900,mRNA
vienna_2_60C,0.2877242995626713,0.1875844669685254,-0.04123463801,0.710444168535,0.30889867028791557,0.5130207052127391,-0.8827302266063937,1.5030540033348803,900,mRNA
contrafold_2,0.42035394637937484,0.10721978752378275,0.228951427005,0.6363564996050001,0.7435744365643151,0.3716448379850854,-0.08309799977102876,1.4520038674669058,1200,viral_gRNA
eternafold_B,0.440338507766363,0.11647496268334616,0.23919908512750002,0.6843391689825,1.247149770513053,0.29688720727887064,0.5832924531187096,1.7292895881596622,1200,viral_gRNA
rnasoft_blstar,0.4039380777632624,0.11244674902052457,0.2138803071775,0.6381726970675,0.2366011180658382,0.4413381483873459,-1.0342996165219565,0.8450630860050579,1200,viral_gRNA
rnastructure,0.3413272987789134,0.09073643847382318,0.200031118675,0.5434899056800001,-1.2812707332040183,0.30632493742373573,-1.7912907977910875,-0.5622946588904458,1200,viral_gRNA
rnastructure_60C,0.39334538250322504,0.0986095626171381,0.22059984679,0.5916538023300001,0.03413993360709406,0.38889268182561226,-0.802591140320833,0.7553158900188668,1200,viral_gRNA
vienna_2,0.34687705087409987,0.08514745865710362,0.2178770415725,0.5403252893549999,-1.0602449351760312,0.47336272598378165,-1.5695941426646844,0.4369700010393768,1200,viral_gRNA
vienna_2_60C,0.3938035530398757,0.0946937227315062,0.224977547285,0.5831907976375,0.0800504096297589,0.41513082192765133,-0.6584261265349779,0.8876026718671546,1200,viral_gRNA
contrafold_2,0.4256832104233998,0.005007502869859469,0.415943928175,0.435573629055,0.47742112629512423,0.16122498136065277,0.18367491873712838,0.7969127572148011,1200,SARS-CoV-2_gRNA
eternafold_B,0.45663410484809974,0.005268421037660014,0.446110763665,0.4669877194125,1.5666696663126372,0.12487170454120852,1.3004737145001104,1.7935360502799018,1200,SARS-CoV-2_gRNA
rnasoft_blstar,0.42905340139719994,0.005117001691636699,0.41880605091,0.43908457819,0.596228549365359,0.1628551033339567,0.2733197713510686,0.891819964233037,1200,SARS-CoV-2_gRNA
rnastructure,0.37335843586630024,0.005842853987257172,0.36151664104000003,0.384962378955,-1.3631164991917628,0.15115562183568962,-1.6516380500774872,-1.0835994570705405,1200,SARS-CoV-2_gRNA
rnastructure_60C,0.40665980201759977,0.005540334499501252,0.395405844275,0.4167633410825,-0.19269360457012774,0.18212458049000393,-0.5669222592618306,0.16008439791287624,1200,SARS-CoV-2_gRNA
vienna_2,0.38576187637320003,0.005602064088161804,0.37488472753,0.39653912356250004,-0.927199551646786,0.16688666892442885,-1.2513119732163878,-0.6045303301445074,1200,SARS-CoV-2_gRNA
vienna_2_60C,0.4076431860423002,0.0053595619107544125,0.3975194863575,0.41791453996,-0.15730968656444003,0.1751281237029359,-0.5008349396562692,0.18541170909941485,1200,SARS-CoV-2_gRNA
contrafold_2,0.25897054680593357,0.14126382221839934,-0.0625590320975,0.5033472821025,0.42142039749645277,0.5215298375137287,-0.7057210315669247,1.6066046360473785,1200,mRNA
eternafold_B,0.2804392781828331,0.1399367265517274,-0.036988862442500006,0.5248458286575,1.1422799985232457,0.6470003958823348,-0.7134475481961248,1.8394613378537947,1200,mRNA
rnasoft_blstar,0.24779473133951657,0.15312545361215882,-0.10348102113000002,0.50435842514,0.3152580241564258,0.544622573346277,-1.161372641280268,1.3757345477250318,1200,mRNA
rnastructure,0.19593806574195022,0.13525804046204387,-0.10495133866500002,0.42647045733,-1.0513224465617974,0.6605225944029502,-1.626283527291752,0.8556133951468277,1200,mRNA
rnastructure_60C,0.22664451073715,0.15070023537298458,-0.12408718084,0.4733250370875,-0.028719201266813123,0.5721743870401501,-1.4482819017762014,0.9713218368343772,1200,mRNA
vienna_2,0.19305373679433369,0.1439226298525186,-0.1325683918325,0.43062846664250004,-0.9833098201564755,0.5353802511563346,-1.6943139382046222,0.6176179439914359,1200,mRNA
vienna_2_60C,0.24146196223030003,0.14014664262715665,-0.0863760971625,0.47552441245000004,0.1843930478089635,0.5235207243363925,-1.0798410969405479,1.243709217718559,1200,mRNA
contrafold_2,0.3591344146203118,0.1568974081493766,-0.0361641215275,0.58502504629,0.594981831141333,0.4547561862112826,-0.7620969388343707,1.19928754684938,300,viral_gRNA
eternafold_B,0.3836800513216992,0.16254630899856007,-0.0189529312975,0.6316614884949999,1.2875436788872743,0.45594087325644017,-0.13701174355076817,1.7952390718343325,300,viral_gRNA
rnasoft_blstar,0.3482050798044811,0.15897204740986592,-0.04659572117,0.5898322456,0.28072297536593044,0.4716978352688875,-1.0940607396408968,0.9325267049784107,300,viral_gRNA
rnastructure,0.29632105442824,0.13031448244033123,-0.026630013425,0.5024567322275,-1.0904391516955358,0.5887852859660829,-1.6566638246748222,0.9266345106046401,300,viral_gRNA
rnastructure_60C,0.3359449253206294,0.14949819797197725,-0.045400160502499995,0.5510751872449999,-0.00818205371640084,0.40889087978862054,-1.0340508680129659,0.9061945992910692,300,viral_gRNA
vienna_2,0.29802018308315925,0.1325522638642388,-0.032101415274999996,0.5089768174675,-1.0383949568942865,0.5575634157956829,-1.5800829780927677,0.8386625890833714,300,viral_gRNA
vienna_2_60C,0.3351353117439814,0.1495161242866442,-0.0483561428925,0.5465086423550001,-0.026232323088312904,0.42377942736178675,-1.0922611776303244,0.8830041422639713,300,viral_gRNA
contrafold_2,0.39867129341439966,0.03813016950199204,0.3153628160625,0.49124198145999987,-0.1614162140051285,0.7582159861077633,-1.794008787323064,1.0013854042955554,300,SARS-CoV-2_gRNA
eternafold_B,0.43479874875885033,0.03565230621916367,0.3500964727575,0.5134076756699998,0.880134458670912,1.0763662134884935,-1.4045584583645039,1.9469714477016424,300,SARS-CoV-2_gRNA
rnasoft_blstar,0.41641400199844963,0.03844909924979434,0.34240213343500003,0.5127795116624998,0.2481930942128764,0.7282661082054136,-1.5334744555892652,1.2761283946888695,300,SARS-CoV-2_gRNA
rnastructure,0.4090967655612505,0.062439235668136424,0.350007086475,0.5502340151899998,-0.33898908635125974,0.9474566835510275,-1.3539882326276749,1.6632757543999206,300,SARS-CoV-2_gRNA
rnastructure_60C,0.3995676586019001,0.040131977068391944,0.3343518662075,0.5012681389799999,-0.29531657430098673,0.6013311848956276,-1.6433882029019529,1.153338108931408,300,SARS-CoV-2_gRNA
vienna_2,0.4186600209976012,0.06570976981892444,0.3533185939225,0.5499358187874998,-0.1217571838007995,0.9925835854718791,-1.2432288661256576,1.780394178155644,300,SARS-CoV-2_gRNA
vienna_2_60C,0.4057870898309501,0.044191595575983726,0.35033037616,0.508486549875,-0.21084849442561393,0.608619382503586,-1.3713700990834448,1.2721497380243156,300,SARS-CoV-2_gRNA
contrafold_2,0.2835791961055858,0.157373273636133,-0.00021065491499999621,0.574821809285,0.3037399578574569,0.5358072384487276,-1.0861226166200124,1.3943809573498058,300,mRNA
eternafold_B,0.2998657128977995,0.16438358619547136,-0.03381321273500001,0.574408913565,1.002400791699836,0.9263147407821847,-1.5681163805532532,1.8006136392524348,300,mRNA
rnasoft_blstar,0.2828605342856147,0.1578642075716654,0.006221140250000004,0.5760029444149999,0.26957157180630303,0.5548009645943395,-1.14741584464233,1.4109059768687482,300,mRNA
rnastructure,0.24553990072374288,0.14333134113802767,0.0053678142150000024,0.5342190842675,-1.063020430255185,0.6505210438574175,-1.8334337249674082,0.9001715736271074,300,mRNA
rnastructure_60C,0.2806754224912706,0.14355545123817026,0.032460093805000007,0.5573102903600001,0.14180691021079983,0.5029245711131981,-1.0192546299216776,1.3635869222626995,300,mRNA
vienna_2,0.25237484223612944,0.14462133759671492,0.01457831178750001,0.5475411439775001,-0.8634586667637209,0.6945347437348465,-1.5960459268814111,1.088602738423385,300,mRNA
vienna_2_60C,0.28357460574307125,0.14129533962994123,0.04272415244000001,0.557080978925,0.20895986544450182,0.5290466967704596,-1.0624896903822965,1.4567727143532356,300,mRNA
contrafold_2,0.34299346774409983,0.17891456682688459,0.0629544564325,0.5601152142075001,0.9867627945633917,0.449965664979898,0.06216909460212353,1.80083223361894,300,rRNA
eternafold_B,0.3526111480459001,0.18599912598590632,0.047247975000000005,0.5630437308275,1.101221198267253,0.5170914053630162,-0.26858121727533796,1.8477466379826206,300,rRNA
rnasoft_blstar,0.3072654031401334,0.18831454391042715,0.004724010067500005,0.5275573183575001,0.2718618745029523,0.6163795329476788,-1.1989802684665893,1.2214397686133818,300,rRNA
rnastructure,0.24656607380043358,0.15832695843866787,-0.004035715719999999,0.4639103324125,-0.7261966813413281,0.6263814944905427,-1.6649676238048767,0.793226699008439,300,rRNA
rnastructure_60C,0.2620407061788336,0.16080789578580312,0.009067759600000003,0.47347662586750006,-0.4761771499409667,0.5882713179305004,-1.5144599478512406,0.8657468267187353,300,rRNA
vienna_2,0.24363940785796614,0.18442572168892674,-0.035545148894999996,0.49695051231750004,-0.762030244169979,0.6044114526544803,-1.8394014093570743,0.46989801058054753,300,rRNA
vienna_2_60C,0.2646748446254674,0.16915409374091617,0.0058054824600000015,0.491462880445,-0.3954417918813243,0.5438518782165738,-1.3628859828511213,0.7860735645748571,300,rRNA
contrafold_2,0.3763910973731905,0.16223449269202075,-0.01861893617,0.6136781044524999,0.47967857043459106,0.5112339823158848,-1.0789067978312827,1.1750756749089466,600,viral_gRNA
eternafold_B,0.4006998098092702,0.16606808896976136,0.006151927375000006,0.66515491422,1.1512077749083187,0.4547100375148593,-0.23679152357799463,1.787831147739713,600,viral_gRNA
rnasoft_blstar,0.37463424638094867,0.16252145843213445,0.0010311787775000004,0.6334872235675,0.404453162405206,0.4869531549014134,-0.9241834693651579,1.1482492294283668,600,viral_gRNA
rnastructure,0.31491032771192057,0.13621863862199024,-0.0056067058175,0.5419838369125001,-1.1175131961065328,0.5658950505913266,-1.7033404232708609,0.7008556125438676,600,viral_gRNA
rnastructure_60C,0.35923713996643103,0.1589056333882981,-0.030226991874999998,0.59517576857,0.05114917457288055,0.4852228298866555,-1.2476869631401797,0.9752990017401593,600,viral_gRNA
vienna_2,0.3175921514433691,0.13064309235629015,0.011104272967500004,0.53841659833,-1.0111255199081197,0.7104016458711622,-1.6987272401532294,1.2078183974060326,600,viral_gRNA
vienna_2_60C,0.358762386694212,0.1582807667006267,-0.032613365974999996,0.5889599752475001,0.04215003369365632,0.4899492102687022,-1.2956294422476755,0.91703459237581,600,viral_gRNA
contrafold_2,0.40879872264240014,0.004973075930425426,0.39888586693,0.418339124415,0.3920523301636084,0.17171735096362994,0.048575744998008964,0.7080912712570355,600,SARS-CoV-2_gRNA
eternafold_B,0.44288638636530014,0.004982181322867743,0.4331366925675,0.45257956918750003,1.662263390909008,0.1216598854656781,1.4100590916123175,1.8916845010485246,600,SARS-CoV-2_gRNA
rnasoft_blstar,0.41389739347400056,0.005276420414318478,0.40389824317,0.423978008565,0.5815422271546391,0.1733228342811101,0.2421552535423062,0.9058617357586443,600,SARS-CoV-2_gRNA
rnastructure,0.3683947470153994,0.00579133006501656,0.3576940668975,0.37998658695000004,-1.1119248562294761,0.17421165764379723,-1.4459167315417087,-0.7776069740402439,600,SARS-CoV-2_gRNA
rnastructure_60C,0.39201296179919987,0.005361781169162225,0.3816946164325,0.40166540121250005,-0.23420031495421392,0.18806067742650548,-0.6010113527370583,0.1158246187055109,600,SARS-CoV-2_gRNA
vienna_2,0.36863998419120036,0.005643968237069699,0.3576947055475,0.38019933797500005,-1.1026576123163345,0.1709878276863186,-1.4178335205189179,-0.7622515579150112,600,SARS-CoV-2_gRNA
vienna_2_60C,0.3932608005646006,0.005325362408982968,0.38275310944,0.4033540402225,-0.1870751647272277,0.18392226086133348,-0.5523389188320982,0.16479853335013256,600,SARS-CoV-2_gRNA
contrafold_2,0.25574177284902816,0.16467956030202516,-0.027871077145000003,0.63504619109,0.1280764966171685,0.6232606817396078,-1.0559259049476755,1.3622148553226976,600,mRNA
eternafold_B,0.2885198030248144,0.1632199162935926,-0.0214494244525,0.6489077716475,1.1924204112949108,0.6230430511119526,-0.5584675106612051,1.87323208561872,600,mRNA
rnasoft_blstar,0.24707568440671437,0.17462366063799742,-0.0438203772575,0.642924959835,0.002240063765494927,0.5884245404188644,-1.1131315346224084,1.1879613017261352,600,mRNA
rnastructure,0.20970992264680022,0.16747390970016915,-0.10110371711249999,0.581971812355,-1.1097771240533318,0.5027175862247235,-1.9194157059762649,0.21292362245233334,600,mRNA
rnastructure_60C,0.25008400673622877,0.17821415302840765,-0.0963565116025,0.6311667744949999,0.1811850240321611,0.6182533034103154,-1.4023322959364772,1.118542720027309,600,mRNA
vienna_2,0.22142860637231382,0.16583516897036155,-0.0535895657625,0.60515327343,-0.8561486518265361,0.566259346535451,-1.5983513932999278,0.6994725472021122,600,mRNA
vienna_2_60C,0.26633659325917153,0.16546991979277761,-0.008254713709999984,0.6478840513024999,0.4620037801701313,0.5222047761480474,-0.6168578061124488,1.4351301892817638,600,mRNA
contrafold_2,0.13757138406700023,0.08230608649578748,-0.021256384322500002,0.2857327161575,0.0039841142530132245,0.7488131847487803,-1.3465530190077046,1.5780667947457019,600,rRNA
eternafold_B,0.14559613948495023,0.08622672793817462,-0.02260251786,0.3015327851749999,0.11420041518365238,0.7946132246514573,-1.3506152307381845,1.6959288319060721,600,rRNA
rnasoft_blstar,0.11556418406220023,0.09031258736963775,-0.0493398996075,0.27523569672250003,-0.2690500584164824,0.7817324156872633,-1.6615494312864683,1.3915971054144065,600,rRNA
rnastructure,0.11057177025289998,0.09039297267222667,-0.06588709544,0.26792988498000003,-0.33783679196911737,0.7688639853929741,-1.6378465910973445,1.2670641801054958,600,rRNA
rnastructure_60C,0.20421385293704994,0.061995732570503045,0.083116480795,0.321717693775,0.6120419773237367,0.8922942067142114,-1.3545796529860825,1.8733834479338063,600,rRNA
vienna_2,0.09799438962244991,0.10754720423402578,-0.09945208454250001,0.2826063411375,-0.42895701130366354,0.8577064054563369,-1.7583175993531042,1.4518647315507394,600,rRNA
vienna_2_60C,0.18562736427980026,0.07075950327360424,0.0522566291775,0.3256279074699999,0.305617354928861,1.1066873093879408,-1.8346990195432449,1.896189062054149,600,rRNA
contrafold_2,0.38292458460422873,0.16926056676829743,-0.032683565572500003,0.63496135781,0.514629902451059,0.5285901886923265,-1.175462102820407,1.2793022982526632,900,viral_gRNA
eternafold_B,0.40947218798746055,0.17277270735225342,-0.003207625954999997,0.6815540591850001,1.2098503097849405,0.4865971717991958,-0.284755960741936,1.948624421524157,900,viral_gRNA
rnasoft_blstar,0.37680900062022965,0.16413927816238094,-0.003958326847499998,0.6469537513475001,0.31478126930706246,0.4619774632041598,-0.8807717214662202,1.0949224651622056,900,viral_gRNA
rnastructure,0.31869104493946016,0.13467478298004606,-0.0027507932099999997,0.5510039324475,-1.0545615315511812,0.6448892275306182,-1.6331019016392057,1.0011521059464392,900,viral_gRNA
rnastructure_60C,0.36492398245728036,0.16045803880524057,-0.029339892399999998,0.602636974345,0.03685605420583322,0.4696867345521784,-1.2208920372770786,0.7521386564631547,900,viral_gRNA
vienna_2,0.3204791252542204,0.1337612700048223,-3.2709757499999766e-05,0.5509588206399999,-1.0069477920298278,0.672795359723915,-1.6214974767626447,1.0885142143276396,900,viral_gRNA
vienna_2_60C,0.3637185832168002,0.15890452545800354,-0.025724181019999997,0.5990939790975,-0.014608212167890221,0.4755743637375112,-1.370511677038982,0.6431230105288224,900,viral_gRNA
contrafold_2,0.4177311656987002,0.004979929146133218,0.40771329202750006,0.42754453676500004,0.3363943905759757,0.19548740076784044,-0.04323550375540999,0.7156096057262598,900,SARS-CoV-2_gRNA
eternafold_B,0.4498448491765996,0.004938109265705958,0.4406427923475,0.45924650062000005,1.7249771955902828,0.1266271885966498,1.4795119263235577,1.9534316102512537,900,SARS-CoV-2_gRNA
rnasoft_blstar,0.4230856235286998,0.005166233256039426,0.412313118225,0.4326864075425,0.5678913148997906,0.19998131174976522,0.13690482343901178,0.9278340058675633,900,SARS-CoV-2_gRNA
rnastructure,0.3849322590620997,0.005761086985666877,0.37338482099750003,0.39557409928250004,-1.0799049471821374,0.19779475482997816,-1.4601159667587236,-0.6776578486221969,900,SARS-CoV-2_gRNA
rnastructure_60C,0.4046515604526999,0.0052500516173112095,0.393946850625,0.4149249350625,-0.22912149265566714,0.20636620747799006,-0.643055018947121,0.16666137677372433,900,SARS-CoV-2_gRNA
vienna_2,0.38667658229559976,0.005689171155431144,0.37527916506,0.39757817171,-1.0056469211620396,0.20386536307333739,-1.3983344315077435,-0.6114017017048295,900,SARS-CoV-2_gRNA
vienna_2_60C,0.4027222920471999,0.004990771815385975,0.3929855829925,0.41273304225,-0.3145895400662031,0.20628909980454627,-0.7047546886914782,0.0919090335169909,900,SARS-CoV-2_gRNA
contrafold_2,0.28690338425004336,0.19680071202704275,-0.046910278147499984,0.7219022427874999,0.11212292724024815,0.5440500673041172,-0.9440650567622338,1.324321439551309,900,mRNA
eternafold_B,0.3151901801559001,0.20840626686994923,-0.08090164967749999,0.742057399235,1.184125313104162,0.7841161482701015,-1.2032429543209844,1.8936003876657455,900,mRNA
rnasoft_blstar,0.29272699374161515,0.19757479014326573,-0.005869252682499991,0.7319540207774999,0.25549416369838257,0.6618881123420812,-1.45747884801671,1.5049496061586967,900,mRNA
rnastructure,0.2482704610429856,0.1917213789468944,-0.08991072926,0.669356186295,-1.0689667093491162,0.5576772034536601,-1.763327726513876,0.5197834238631033,900,mRNA
rnastructure_60C,0.2831972778338575,0.19621016506643166,-0.070695422985,0.7045281727125,0.09470205161722123,0.5382594853100501,-1.1763370448211772,1.1881894267870572,900,mRNA
vienna_2,0.2576488076518137,0.18735413637935222,-0.04491406236499999,0.6749064998375001,-0.8552252118105207,0.5983076756027998,-1.6593879104077804,0.8634154806674395,900,mRNA
vienna_2_60C,0.29164052237632837,0.19199803984822134,-0.0447690438475,0.711137618685,0.27774746549962276,0.5025219837528899,-0.9060677326722305,1.3616732088083876,900,mRNA
contrafold_2,0.08480778334350018,0.04309757443076092,-0.0021749924000000003,0.1679158751625,0.2737000724496059,0.5766068006657239,-0.9083796468271013,1.384849487377141,900,rRNA
eternafold_B,0.09537388871860003,0.0491939954515847,-0.005354078767499999,0.19003418764500002,0.41743688394242834,0.6291107429996954,-0.8548139988332707,1.5568976433433879,900,rRNA
rnasoft_blstar,0.07375961481979994,0.04364176462533365,-0.0077027551375,0.15893293739749995,0.1174832454538258,0.5844976848197129,-0.9795235173229874,1.3274088634994277,900,rRNA
rnastructure,-0.018085508541900008,0.047360666508363757,-0.11566490504750002,0.07359445134499996,-1.156452526228822,0.5288019245130935,-1.9726474816281139,-0.0012784748127812767,900,rRNA
rnastructure_60C,0.11102353730049994,0.04948539217135593,0.010861090245000002,0.201698437835,0.6255166245997783,0.6246403075035335,-0.7172219137895355,1.6710046073285816,900,rRNA
vienna_2,-0.008368526738600002,0.046732701003581,-0.09988104176750001,0.08571442979499999,-1.0232851453271004,0.558453386428564,-1.8579600576275368,0.2783167484558572,900,rRNA
vienna_2_60C,0.11857903038969995,0.048592737491739355,0.019405499395,0.2084208208125,0.7456008451102822,0.5968107823091678,-0.6013988531749929,1.7533900242295761,900,rRNA
contrafold_2,0.38666530586845027,0.1668295013337616,-0.02869256024,0.6350615393925,0.5958739472243949,0.6073162868612303,-1.353556902026541,1.4385886236956171,1200,viral_gRNA
eternafold_B,0.4083927268217605,0.17033618429926492,0.0016521611125000016,0.6832764770574999,1.1432699973688967,0.4918227598718193,-0.47065195581453967,1.717234434179639,1200,viral_gRNA
rnasoft_blstar,0.37453536323935005,0.16189610557826786,-0.008322138947499998,0.6362570865875,0.23775839116404648,0.5013763199368187,-1.2040570728498954,0.9091176138293056,1200,viral_gRNA
rnastructure,0.3163931170117502,0.13128069824133384,8.876534750000328e-05,0.541951504025,-1.1246718671621598,0.5809593972053696,-1.692899746398162,0.8711193053916393,1200,viral_gRNA
rnastructure_60C,0.36471695899103046,0.15056257051367916,-0.0030402791924999998,0.59032588665,0.04923047113831147,0.4316478759864671,-0.9749992805746922,0.9316824147103797,1200,viral_gRNA
vienna_2,0.3186568249893705,0.12971931025820524,-0.0018320337474999997,0.539713474695,-0.9915053560695078,0.6617407378230242,-1.610906099964175,1.0273090917775871,1200,viral_gRNA
vienna_2_60C,0.36531785740501,0.14838748728700457,-0.0005820788499999988,0.58230794888,0.09004441633602109,0.4463232681646514,-0.8130512406141834,1.0678810312037674,1200,viral_gRNA
contrafold_2,0.42563099582079955,0.00508634069991791,0.41550726009,0.43580772632500003,0.4770686536825474,0.16425886509057863,0.15779335078291995,0.8008139308045434,1200,SARS-CoV-2_gRNA
eternafold_B,0.4569179241519997,0.004892086914540352,0.4476029555975,0.46636142839499994,1.5760266667492349,0.12018818512134397,1.3423622588819333,1.8152659852370217,1200,SARS-CoV-2_gRNA
rnasoft_blstar,0.4290529984163003,0.005200993066428166,0.41874297581250003,0.43821256467499997,0.5974665360031445,0.16277710207566068,0.2720985458604114,0.9119330477236092,1200,SARS-CoV-2_gRNA
rnastructure,0.3737115865105999,0.00605185183478489,0.36208642999,0.38578586122499997,-1.342428173995875,0.1516140300360068,-1.619498456739097,-1.0254208662439745,1200,SARS-CoV-2_gRNA
rnastructure_60C,0.4060776544517002,0.005182132513966091,0.39647399710000003,0.41674706224499997,-0.20932850176754514,0.1689140129841817,-0.5249353865902149,0.1265189524833358,1200,SARS-CoV-2_gRNA
vienna_2,0.38526999716000043,0.005946686375697975,0.3729868742825,0.3968723752675,-0.9375833688875178,0.16848971534558024,-1.2580478349070203,-0.6053852545984787,1200,SARS-CoV-2_gRNA
vienna_2_60C,0.4074670172060993,0.005526717656425134,0.396521053155,0.41790148742250005,-0.16122181178399164,0.18150202474117857,-0.5109278395743949,0.17865321813880808,1200,SARS-CoV-2_gRNA
contrafold_2,0.24969568172013365,0.13933799540425398,-0.06160225644,0.4831486875625,0.37915962204767145,0.5243331230921122,-0.8220874571155722,1.4760294678374333,1200,mRNA
eternafold_B,0.2716894737198656,0.14657140551831915,-0.06941406971500001,0.500550394315,1.1626812265760036,0.6648395257066956,-0.9181044703383922,1.8263533363588775,1200,mRNA
rnasoft_blstar,0.24315899537911678,0.1358436287645593,-0.0446884672475,0.47859099356749996,0.2629143839710872,0.5149858873794708,-1.0951006470758584,1.2652610657987422,1200,mRNA
rnastructure,0.1947939759109998,0.12604895108310257,-0.09596450885,0.39883993279499996,-1.1196200461643568,0.6178551117208134,-1.6614862069985519,0.7581782858865415,1200,mRNA
rnastructure_60C,0.22791098427536638,0.14585960402907702,-0.107522945125,0.450840123415,0.004574724955483543,0.5379626526447705,-1.4524677727554642,0.8689365317199739,1200,mRNA
vienna_2,0.20225014777951586,0.12257375700861393,-0.0696140638125,0.40941262860500005,-0.9251454598877966,0.6066814126566739,-1.6774774383042363,0.9582644556623398,1200,mRNA
vienna_2_60C,0.24099057427889986,0.13491525084072603,-0.071178136255,0.4548855337475,0.2354355485019146,0.49941211965318266,-0.9693953680969276,1.3002205317865416,1200,mRNA
contrafold_2,0.05885150066829997,0.06609435818930072,-0.0728736898325,0.18321805746749995,-0.10369220201127582,0.511914117707499,-1.0815440207400653,0.9156589817659679,1200,rRNA
eternafold_B,0.055842243457300045,0.07138899795492505,-0.07820253294,0.1923857054075,-0.12726579800634624,0.5487765954495784,-1.1788463652947252,0.9438181571766822,1200,rRNA
rnasoft_blstar,0.03931743562760002,0.06445621487407728,-0.0909234267225,0.1578674872325,-0.261888242835361,0.4833410594287478,-1.2016590627908112,0.6581035924255685,1200,rRNA
rnastructure,-0.026746395213499974,0.0681925953303008,-0.15958831551500002,0.1133521562,-0.794695035522924,0.4936784230684597,-1.6327836116874108,0.2605467700258302,1200,rRNA
rnastructure_60C,0.2189934726236997,0.07197938245588816,0.075168796795,0.35265127944749997,1.182388999764668,0.4710092930524651,0.08013698383200002,1.956259177141495,1200,rRNA
vienna_2,-0.05030501875200004,0.06602327087858165,-0.1781536691225,0.08198271270999997,-0.9888018679818259,0.45172582317395044,-1.7684066073524607,0.0058392523282073125,1200,rRNA
vienna_2_60C,0.20858186489509983,0.07427714145807364,0.0633656737325,0.345282911595,1.0939541465930656,0.48545288337837517,-0.013390701276498673,1.8835865563480407,1200,rRNA
