package,Dataset,pearson_mean,pearson_std,pearson_percentile_2.5,pearson_percentile_97.5,pearson_zscore_by_Dataset_mean,pearson_zscore_by_Dataset_std,pearson_zscore_by_Dataset_percentile_2.5,pearson_zscore_by_Dataset_percentile_97.5
contrafold_2_nc,1_FMN,0.2892303819686997,0.0770800883028557,0.1351175395425,0.4335540968,1.0211074731842456,0.7303563061811092,-0.5871354537199717,2.244530629911531
contrafold_2_nc,2_FMN,0.10121736531079985,0.05210015845751826,0.0065999567450000015,0.20571318156750001,0.738109442922134,0.6733252955134005,-0.5740394738915303,2.0165831963381295
contrafold_2_nc,3_FMN,0.21339524672330054,0.042408462048982166,0.1316476120025,0.2930506424,1.1278867759417652,0.5517519730865028,-0.007056166885715889,2.0808889827364183
contrafold_2_nc,4_FMN,0.3104745259429005,0.054339576100119275,0.20839283251500001,0.415602431745,0.8373372342703497,0.6571331321077237,-0.44370833650616887,2.0014026723345775
contrafold_2_nc,5_FMN,0.43183510787369966,0.02907655067482146,0.37203545881,0.48615452778249996,0.870380322221393,0.427336847337769,-0.048571190731530475,1.6745869665390851
contrafold_2_nc,6_FMN,0.24599553468190016,0.03871026668947743,0.1698433397875,0.31933945676500003,0.9332063499267244,0.722722276566424,-0.5253453708150312,2.2343604912895128
contrafold_2_nc,7_FMN,0.3362255017852999,0.024878618267241914,0.286571022965,0.38210017276749997,1.31073226988985,0.31974827500100134,0.6345576563640705,1.8681315773963327
contrafold_2_nc,8_Theo,0.4568531017653001,0.05748846025925859,0.341595518075,0.5630543097524999,1.5777839595939835,0.485242212166904,0.5608159094769201,2.3652540339630175
contrafold_2_nc,8_Trp,0.12052786262620005,0.0754526710403182,-0.03308739165999999,0.26627654187,0.44041500071191264,0.8328185276417284,-1.28295642769133,1.9089867343607418
contrafold_2_nc,Ribologic_FMN,0.33223605123,0.01908471187374109,0.294887972705,0.3699496495625,0.08090776147517735,0.26321527926765553,-0.44757591297529775,0.5796927353325814
contrafold_2_nc,Ribologic_Theo,0.48578524227359965,0.0622077281700575,0.36245014009500004,0.6046992499025,0.5713613974702993,0.6482630895512815,-0.7514732303103118,1.7977076541723045
contrafold_2_nc,Ribologic_Trp,0.28323773592639995,0.06811791517163343,0.14943566877000003,0.4187149328775,0.22268592290144548,0.6733721537231516,-1.0710346912115896,1.5671319642534915
contrafold_2,1_FMN,0.2776626856271003,0.0871597073938615,0.10794624637250001,0.44175808602,0.8890625593303952,0.8087071338229931,-0.8420938454035106,2.3037257388158925
contrafold_2,2_FMN,0.09671216995840005,0.053273210214650556,0.0048093963275,0.20843133698749997,0.6654273088902749,0.6655631061823737,-0.5942475163349814,1.979442303117212
contrafold_2,3_FMN,0.22324244088250048,0.04335277562473856,0.1366457854225,0.3052689282275,1.26064721161937,0.5360665313718785,0.10215939795005156,2.2073559271332024
contrafold_2,4_FMN,0.32266700395750014,0.050023802015534344,0.2245106395975,0.42506339235,0.9998729450752696,0.5978304280130184,-0.22889995127111412,2.100259937742715
contrafold_2,5_FMN,0.4536448360868005,0.0271117944553522,0.4025911543975,0.504820798225,1.224528075629055,0.38828308109851145,0.44676958113931237,1.975947467990344
contrafold_2,6_FMN,0.24435843203629976,0.03770894838724333,0.1696424021175,0.31654182192,0.8923355645134293,0.7021277578751409,-0.6364638773507004,2.133249629347551
contrafold_2,7_FMN,0.32040568332730024,0.02366536447019252,0.27517404204499996,0.3663120550725,1.0736188127557564,0.3165341943372589,0.465705965449837,1.6371949675878472
contrafold_2,8_Theo,0.4090511580087002,0.05619019052737569,0.29991539443250004,0.51419885324,1.0980844270762817,0.5095437075338519,0.04675818175708661,1.9872592750737539
contrafold_2,8_Trp,0.06868413386149995,0.07201697608184479,-0.07054870932,0.209025414525,-0.16507708631756499,0.8354559699094911,-1.6945462525779813,1.4385054560516286
contrafold_2,Ribologic_FMN,0.39061913578420004,0.01898749374763151,0.354527214255,0.4266772982025,0.9215065636942653,0.25757782664117324,0.4191372981516258,1.430206097021757
contrafold_2,Ribologic_Theo,0.4966573822406995,0.0606706323638659,0.36798687259249996,0.6105566406625,0.6876989393351501,0.6112033001824132,-0.6915997207807562,1.7382405953078814
contrafold_2,Ribologic_Trp,0.25156908992049976,0.07089792326345737,0.11482652011250001,0.38471111001749997,-0.0955033135114868,0.6988407430511819,-1.4156287203382263,1.2724286030446075
contrafold_1,1_FMN,0.18888491663400017,0.07947836877786495,0.035731790545,0.34699793597999995,-0.015872388123177594,0.7911934240219552,-1.5337009630360583,1.512363392883012
contrafold_1,2_FMN,0.07856699470200007,0.05302688295000947,-0.026317105417499997,0.18524893782500002,0.4286194350080848,0.6853128690421579,-0.9438046146621345,1.7758801522295549
contrafold_1,3_FMN,0.19916931976870036,0.04247452793582858,0.11584961656000001,0.2806623911125,0.9187930087773776,0.560434115390415,-0.22941918795027744,1.9577186656749677
contrafold_1,4_FMN,0.3286353768950998,0.05322492478314145,0.23167294699000002,0.433592063405,1.0763510656342667,0.6308000349706189,-0.23270264009455502,2.201966610146189
contrafold_1,5_FMN,0.4343412064496008,0.02861290944554598,0.3796564261725,0.488367894555,0.9126365590936167,0.41889817804604507,0.06432509351159882,1.6491687120165002
contrafold_1,6_FMN,0.23141061731629978,0.03945613728105721,0.15203915617000002,0.30877199919750004,0.641199285913564,0.7674286286268027,-0.9944784489128494,1.9834463288282995
contrafold_1,7_FMN,0.3038373103017995,0.022567126760077775,0.25934112926249997,0.3456436223125,0.8267450458823862,0.3113649535231796,0.21233230535408965,1.427702018060791
contrafold_1,8_Theo,0.3482409461295998,0.055958145982672146,0.23770889257750002,0.45613253502,0.48442978951035537,0.5341846183715477,-0.5855728332042037,1.4923724201268855
contrafold_1,8_Trp,0.07548354971160005,0.07311221111622511,-0.0693933790725,0.21519212232749999,-0.07399928368673528,0.8276930822059194,-1.5846810894918495,1.5200249367420207
contrafold_1,Ribologic_FMN,0.2488469819267002,0.021662774055616067,0.20701982287749998,0.29039510986,-1.1169037244502302,0.2803874852473146,-1.6721208902083815,-0.5722622640148893
contrafold_1,Ribologic_Theo,0.4408236550892002,0.061772930117229785,0.31749897618,0.55532786526,0.09251365307447998,0.6504419952594974,-1.278899735143325,1.2492497049734772
contrafold_1,Ribologic_Trp,0.2510230752691998,0.06741800830993581,0.12297835250250001,0.378775457475,-0.10353946900571918,0.6750538221252597,-1.4327009278616119,1.213691027922176
vienna_langdon_pars,1_FMN,0.15817388856099993,0.06768615990466023,0.027246814745000004,0.28862031985000003,-0.3366382778500654,0.6867624907469503,-1.6042932625234891,1.0234307788872754
vienna_langdon_pars,2_FMN,0.10559123041920003,0.057197415380749336,-0.002123718847499998,0.22434523523,0.7899218953680391,0.7092831911856533,-0.617714349995819,2.1142474522327035
vienna_langdon_pars,3_FMN,0.14393690472490023,0.040695938781060134,0.0641328469125,0.22341082657249994,0.12875896319633473,0.5577764255803829,-0.957693749345649,1.2072197664498547
vienna_langdon_pars,4_FMN,0.26870048916190026,0.051778074933245405,0.17267983117,0.37273018921749995,0.28990117804031607,0.6532099383971475,-0.9392209176390187,1.5377936490985409
vienna_langdon_pars,5_FMN,0.3904854656632006,0.02977309167533596,0.3285056621525,0.44935583986,0.20933294020209123,0.46597315435354586,-0.7501385312699526,1.023780564068977
vienna_langdon_pars,6_FMN,0.1866036647832999,0.038402901803334596,0.11030928588750001,0.25912531146749995,-0.27444057489855067,0.7530192752472102,-1.7166130260954913,1.21921419103234
vienna_langdon_pars,7_FMN,0.2529956069929999,0.02549125043540717,0.2044460230775,0.3039168871775,0.06705276601021624,0.3668824514688526,-0.6700702776989487,0.7982819353176582
vienna_langdon_pars,8_Theo,0.3083358380139992,0.05294431636298063,0.2000346515775,0.409997513915,0.07994072024248189,0.5236225032363006,-0.966628177256871,1.0770353547679918
vienna_langdon_pars,8_Trp,0.15100872347539993,0.06809470889987905,0.013750055447500005,0.28251314419249995,0.8002775438167373,0.7477255143482621,-0.8513282548467013,2.142958322930963
vienna_langdon_pars,Ribologic_FMN,0.3542238806153999,0.01999792977746044,0.3170540774525,0.3921216684025,0.39740816017244635,0.2762154967107057,-0.15713433498598398,0.9043632674118272
vienna_langdon_pars,Ribologic_Theo,0.5141469030296,0.05382488706648467,0.39859806062,0.6124633039875,0.8962259048333708,0.5630317022772822,-0.3242248778430101,1.915321266533864
vienna_langdon_pars,Ribologic_Trp,0.2367593867493999,0.07365835908914561,0.0928660098975,0.372560627995,-0.23860401699344996,0.7100367397579329,-1.6164542213548554,1.0684455012928444
vienna_rnasoft_pars,1_FMN,0.15894796637190003,0.0814206018418664,-0.0023139471175,0.3120902737575,-0.30977909903347123,0.803899853978763,-1.831672308284286,1.3158299927956054
vienna_rnasoft_pars,2_FMN,0.1197235748237001,0.05903819213851971,0.018385031835000003,0.24696845215500002,0.9691232110442465,0.7022376326310001,-0.35496529134127136,2.3342184204076832
vienna_rnasoft_pars,3_FMN,0.1714119006087999,0.04309598678478582,0.08473619780000001,0.24907618638749998,0.5263930022217999,0.5959989131942566,-0.7257339291734853,1.6288292754477025
vienna_rnasoft_pars,4_FMN,0.24582214622529983,0.055198868993392214,0.13784550987250002,0.3557434703325,-0.002496507397068212,0.6990986485722486,-1.3465776966812921,1.3406936488299115
vienna_rnasoft_pars,5_FMN,0.39960912990800057,0.02999091090879745,0.3428269536875,0.45621356232,0.35591786993391406,0.45783272115320617,-0.5227211324448717,1.2491775803604717
vienna_rnasoft_pars,6_FMN,0.21048290945910014,0.035970442303628676,0.14080798939000003,0.277273593725,0.21356311963821745,0.7297623758150924,-1.2300379436256106,1.5928935971213511
vienna_rnasoft_pars,7_FMN,0.3179896578471999,0.022597837639581245,0.27383269032,0.36032477829250004,1.0403536610410642,0.31122358758129975,0.40318045498006977,1.6403272513952236
vienna_rnasoft_pars,8_Theo,0.21494175259339984,0.06664913971339735,0.08803290459,0.34730956488250003,-0.8500718933606244,0.6162164297193807,-1.9562170724666557,0.40015561908543446
vienna_rnasoft_pars,8_Trp,0.12467340496630004,0.07000885875288118,-0.0173558515,0.25765258343999997,0.4929650448580921,0.7937419704431845,-1.1348774671778312,1.8879496691017008
vienna_rnasoft_pars,Ribologic_FMN,0.35084058717400024,0.02229157610029041,0.3056710644225001,0.39232230606249996,0.3503858299333899,0.3022529736019407,-0.25855968716533523,0.9194175063013664
vienna_rnasoft_pars,Ribologic_Theo,0.4468247080665999,0.051755322460130045,0.34362654696,0.54784321432,0.1543247926215208,0.5754204678018007,-1.0425369629439987,1.275755362531497
vienna_rnasoft_pars,Ribologic_Trp,0.22614441987019995,0.07657745241426726,0.058637279460000004,0.36638466432499994,-0.33726966583151125,0.7432956346259207,-1.859567929885675,1.1382096732696552
rnastructure_60C,1_FMN,0.20169248567370007,0.08053519440889262,0.046853187437500006,0.3551944561625,0.118544746252522,0.808684968836844,-1.4693175998357015,1.661018189389751
rnastructure_60C,2_FMN,0.019724730559999994,0.05183552673350312,-0.07182559619,0.12947174977749998,-0.369397484067368,0.6778372516478368,-1.555945894264721,1.1725862456379827
rnastructure_60C,3_FMN,0.1144013574934001,0.04110103416997281,0.03694279086,0.19300853740249996,-0.2985785890006658,0.579229820872828,-1.4044531945313676,0.8428571194681479
rnastructure_60C,4_FMN,0.24465083086320005,0.052759411137650085,0.1458194323525,0.3467370488275,-0.01542378709915601,0.6680204290824413,-1.3226657398378405,1.2231854270118079
rnastructure_60C,5_FMN,0.40092418818240017,0.02983858236143614,0.34192004541250004,0.45524677482750003,0.380898639435732,0.4588409456395665,-0.527217744262434,1.2704407594343834
rnastructure_60C,6_FMN,0.20802359382160013,0.03833738365205779,0.13033293845750002,0.2841253532225,0.15177426035708724,0.7709563442339197,-1.3759503507163011,1.6046428723785635
rnastructure_60C,7_FMN,0.25384395305609997,0.023678095260651878,0.20725322740750002,0.3003353092825,0.07650871441983192,0.34697823876458234,-0.6049210355865227,0.7357142408424283
rnastructure_60C,8_Theo,0.34798729995819994,0.05771335601630429,0.2303900194375,0.45393057390249997,0.4829716680464856,0.5568443935841343,-0.6111736907788047,1.4641803135201412
rnastructure_60C,8_Trp,0.06687936257980014,0.07160907161719363,-0.0607737782,0.20665859120749996,-0.19825852018901038,0.8269673301271903,-1.7215348143945377,1.3693285735428404
rnastructure_60C,Ribologic_FMN,0.4069490842176998,0.019626464359220736,0.36761276537000004,0.4456374374,1.15720644485604,0.2603202490568955,0.6331299707904413,1.67859819846191
rnastructure_60C,Ribologic_Theo,0.41639162601370006,0.06223599413695869,0.293577755145,0.53526640574,-0.17451776094746946,0.6585062464822264,-1.3984576495922734,1.1163882124663784
rnastructure_60C,Ribologic_Trp,0.32185140852669997,0.07891942872850068,0.164750225815,0.48395673690999996,0.608848801370535,0.7518419309658092,-0.8891422726521769,1.9833704321345254
vienna_1,1_FMN,0.11185045899049999,0.06741640956829047,-0.028841333219999998,0.24070987003249994,-0.8126423842238446,0.6647663930287041,-2.1156031476007913,0.5398043218551963
vienna_1,2_FMN,0.05301441010979995,0.05646949191248813,-0.04674802839,0.17866280619999997,0.0843779174774449,0.7360668065865402,-1.2415700871711324,1.6414536880827102
vienna_1,3_FMN,0.12575673541729987,0.04412183732236991,0.0382336168025,0.209501893105,-0.12868969970439426,0.6107023178440556,-1.2809844731159985,1.0518030139950192
vienna_1,4_FMN,0.23283674516650021,0.05821079256528303,0.12126993766500001,0.34711938656,-0.16482834681644307,0.7381435819811007,-1.5239492462809248,1.212859450167391
vienna_1,5_FMN,0.37266384159960003,0.030890982253663515,0.31129316602000007,0.43236836171000004,-0.07674687932072145,0.47100623976170813,-1.0105971104434859,0.8205391166929925
vienna_1,6_FMN,0.18732005461879983,0.03966464547050023,0.11243475865750001,0.2614967155475,-0.2578627108307755,0.7894698279408681,-1.8008944352858727,1.236316881725873
vienna_1,7_FMN,0.2453694848066995,0.024148632716213383,0.19880901742,0.29171705990249996,-0.050335904394090726,0.3482044159645949,-0.7176426658315282,0.6441735891155788
vienna_1,8_Theo,0.29130843357450015,0.05736196746496243,0.1779569271275,0.39869812792750003,-0.0957221954765922,0.553369021574561,-1.202555864216621,0.9449351927783535
vienna_1,8_Trp,0.15951564847119998,0.061681513714130304,0.03999768078500001,0.2802450896325,0.9164422794143509,0.7061270269291012,-0.5011757467710959,2.1376181074342666
vienna_1,Ribologic_FMN,0.36887040899480006,0.02068251921993691,0.3281576248,0.4119978418725,0.606991606504091,0.2717449534170338,0.06763118702011321,1.1445667148762277
vienna_1,Ribologic_Theo,0.43077554371679944,0.05584835581238442,0.32058861256250004,0.5458201062775,-0.02200871972227965,0.5926409799991856,-1.1902320764253373,1.159928556206198
vienna_1,Ribologic_Trp,0.4144740030014997,0.07122691242736076,0.27266700561750007,0.54859334332,1.5528525521716487,0.6167664823150216,0.1436913571079039,2.578676567695507
vienna_2_60C,1_FMN,0.23858213160860023,0.08363425030362034,0.08092164398,0.4077805401725,0.4914115517226086,0.8095491347546453,-1.0714718747487173,1.913250834154003
vienna_2_60C,2_FMN,0.0093195961248,0.05109577997337275,-0.085682082235,0.11100586347249997,-0.517289406436647,0.6577189542962604,-1.703170375672315,0.8361294354995169
vienna_2_60C,3_FMN,0.1047590094059,0.040805229508378296,0.0257697027225,0.186192973625,-0.42968449151659616,0.5724231930765241,-1.4967497811362462,0.7146128906184924
vienna_2_60C,4_FMN,0.20368752199780002,0.05163992146519215,0.106090922075,0.31010429373500004,-0.5496376533247663,0.6501838045785588,-1.6917169082856698,0.8434560260863879
vienna_2_60C,5_FMN,0.3545712069048994,0.031024240131070892,0.2879402609025,0.4106552064175,-0.36311579198249455,0.47661281456195664,-1.3233042098994496,0.4943803487673509
vienna_2_60C,6_FMN,0.19665685692669993,0.03793081143968661,0.12134091251000002,0.2697756217275,-0.0681086812986356,0.7445143634662837,-1.4974481066940162,1.3472088487444247
vienna_2_60C,7_FMN,0.2308631978894997,0.02439961897262467,0.181939438025,0.27934756272,-0.26560036277762117,0.3542753121396188,-0.9512676803030868,0.4253337145466852
vienna_2_60C,8_Theo,0.3050044377289999,0.06235534447411087,0.18400505087000002,0.4279997605775,0.04960609428701175,0.6028754284327612,-1.141372339192573,1.2046962253742817
vienna_2_60C,8_Trp,0.07179986750000006,0.07120561310958665,-0.0637507040325,0.20781597855499995,-0.12330201941810182,0.8257064551192157,-1.6129146389654145,1.4959091412263048
vienna_2_60C,Ribologic_FMN,0.3611748734519004,0.020650113244736503,0.3207710626175,0.40191180174749996,0.4980053771249699,0.28248262732825835,-0.046105515437506704,1.04679442937741
vienna_2_60C,Ribologic_Theo,0.3780643035155004,0.06507281813419026,0.25043809311,0.505282527655,-0.5981752217888509,0.6775237556677529,-1.946855757607871,0.7394843886110899
vienna_2_60C,Ribologic_Trp,0.2528612509774999,0.06912839611006305,0.12188254888750001,0.38872107959499996,-0.07625891179366903,0.6750032661440372,-1.4092437440198768,1.3051656545082284
rnastructure,1_FMN,0.12054584700870019,0.0716278667040652,-0.017032387735,0.256974413765,-0.7262562211664971,0.7040199310203402,-1.961524635018558,0.7747605016517656
rnastructure,2_FMN,0.027366832886700037,0.054553553144935936,-0.06509394432,0.14948092783999994,-0.2664906064869081,0.714062048594323,-1.4601084212015016,1.3045863016817443
rnastructure,3_FMN,0.07348035892249993,0.04385811957775832,-0.01138110351,0.15516044283749997,-0.8744787271206886,0.5815117454621891,-1.9339229959000628,0.2515124281275557
rnastructure,4_FMN,0.2348316363022002,0.05460415152101002,0.1268241122575,0.33619941654999996,-0.14424799487980058,0.6837132367359676,-1.435061061421438,1.0838649705991592
rnastructure,5_FMN,0.3632747033149997,0.031086251522676182,0.30126443132,0.42170480574999997,-0.2222776077488047,0.47465101930924203,-1.1171185536937636,0.6689379413844634
rnastructure,6_FMN,0.18664570147930037,0.037626495220738874,0.115658625735,0.2621451310875,-0.2800741606513726,0.7487500553224957,-1.6966918706577894,1.3012933880801008
rnastructure,7_FMN,0.1976781070160001,0.02450076598706343,0.14933084475750003,0.24537113622,-0.7632875381898564,0.3428644749237781,-1.4221321075878974,-0.11287769843327988
rnastructure,8_Theo,0.26641306188080016,0.062471547031715764,0.1509214950325,0.3863968345975,-0.33709803576069036,0.6015082539597311,-1.4603751855972917,0.8782610450419526
rnastructure,8_Trp,0.04925141070569996,0.07384733211856881,-0.09784853208750001,0.1957779350449999,-0.3939462085748793,0.8269263703453364,-1.9737801456168294,1.2498744413245655
rnastructure,Ribologic_FMN,0.31634778128550034,0.021528765656456356,0.27114494075499995,0.35621737425250005,-0.14671554139510495,0.29736556568942313,-0.7493703945180642,0.4239370306287686
rnastructure,Ribologic_Theo,0.48086331809010013,0.04770330004939743,0.39262922302750003,0.5778772096625,0.5317779167769897,0.517326686629393,-0.5192998171699537,1.5582968124181427
rnastructure,Ribologic_Trp,0.29837856061280016,0.08161570148402371,0.1355424511175,0.45097490881999996,0.3707237077031426,0.7799026273943231,-1.2158748333122147,1.773506118467079
rnastructure_nocoax,1_FMN,0.1431844943446,0.07115274399374251,0.013031989607500006,0.28241271010999996,-0.4834674286862488,0.7119715470766667,-1.7359903708487472,1.0413730524726001
rnastructure_nocoax,2_FMN,0.005501889856099997,0.04755859294081659,-0.08235158572,0.10128097781249999,-0.5615323372803046,0.6405340274154953,-1.6458582741098087,0.8036993268588715
rnastructure_nocoax,3_FMN,0.10376197203319994,0.0432738610232395,0.019933607107500004,0.19028677812749994,-0.4471962313208742,0.5946163245778883,-1.5775526922838508,0.7538143242337105
rnastructure_nocoax,4_FMN,0.21615118101989983,0.055559741194631945,0.11630087866250001,0.3249943752275,-0.3904453799092163,0.7042592044106147,-1.6883548043261087,1.0557215822102328
rnastructure_nocoax,5_FMN,0.3414200566541,0.03003468649907714,0.28289778012,0.4014316291025,-0.5727266693774304,0.4558814879816031,-1.4178943356083071,0.3404813622690209
rnastructure_nocoax,6_FMN,0.19739074340050006,0.03942883517490292,0.11750332552000001,0.27264640041500005,-0.05514573904996713,0.7815887993187258,-1.6379775926133464,1.395546015480447
rnastructure_nocoax,7_FMN,0.21504478111360004,0.023975292280275222,0.1684021046975,0.26162043586,-0.5039754933302123,0.34168889266903385,-1.1617802727387576,0.1593552860194875
rnastructure_nocoax,8_Theo,0.2531111888625999,0.05966603801754335,0.138495097435,0.3666752729225,-0.4777866326148699,0.5732006913626845,-1.6086863849094304,0.6925882615281217
rnastructure_nocoax,8_Trp,0.055158878273899994,0.07553227687633203,-0.0928285403025,0.2098712210275,-0.3144343650458245,0.8486384655430846,-1.8410763213254462,1.4873289012585529
rnastructure_nocoax,Ribologic_FMN,0.3363352280721,0.02163607049613309,0.29294130256000006,0.379187226565,0.1404681453008634,0.2922482717352339,-0.4496938231670069,0.7023206349532323
rnastructure_nocoax,Ribologic_Theo,0.4482178820757002,0.05384236901884798,0.34305271438750007,0.549497941815,0.16391830897663728,0.5792173262458807,-1.056453010831181,1.239376329694688
rnastructure_nocoax,Ribologic_Trp,0.2644082888953999,0.07158244070151551,0.1221816856325,0.40057298815750003,0.03769509708657195,0.7076191509568325,-1.4232329284172633,1.394227198622596
vienna_2,1_FMN,0.17308487550849982,0.07373811637878173,0.031844106555,0.32327575675500003,-0.17745706952320559,0.7613804841519869,-1.6097068873934528,1.3945491695642322
vienna_2,2_FMN,-0.007372818599800006,0.049104249384812254,-0.093869111,0.096052176055,-0.7372874858560953,0.6227410442602564,-1.8435189967094054,0.6142829399348829
vienna_2,3_FMN,0.05081505848950007,0.04269227515561928,-0.0301446931625,0.1349144066775,-1.1988957329507446,0.5401575053515106,-2.176424452240118,-0.01758671441223015
vienna_2,4_FMN,0.20333575807230012,0.055979987418015124,0.0982335877125,0.32068420168999995,-0.5568824558521994,0.699703917709721,-1.7980972710634653,0.8905991651639017
vienna_2,5_FMN,0.3375582936270997,0.029119279668922127,0.27936438468,0.39440820065,-0.6326722717220533,0.4392811648638154,-1.455123651371967,0.26024145251285447
vienna_2,6_FMN,0.16570304252629978,0.04078579412183273,0.08199327370500001,0.24305379244000003,-0.7004749716466656,0.7725116040562895,-2.130115486799964,0.8201946023171106
vienna_2,7_FMN,0.17275368897360008,0.02585406073802076,0.12053725261000002,0.22169428627999999,-1.1366619315230648,0.35030069974224526,-1.8068740231409284,-0.4304094747403
vienna_2,8_Theo,0.2129368882997003,0.0610347594286545,0.09489952341,0.33458558907749997,-0.8732447603066186,0.5655952147025326,-1.9278455348988557,0.291568550744722
vienna_2,8_Trp,0.04151487258000005,0.06677106161640514,-0.0818134622725,0.1751325017675,-0.4851393246895974,0.7677455984236861,-1.8382292692638902,1.0733147431534722
vienna_2,Ribologic_FMN,0.28712261159989994,0.021637700528009375,0.2456248784875,0.33200221091000004,-0.5665929723650653,0.29050503985035553,-1.1062765998697213,0.03165784450415764
vienna_2,Ribologic_Theo,0.4113227712284002,0.058098844724975895,0.29410068779000004,0.5201843955075,-0.2432379500741636,0.6139427930700411,-1.481679813787868,0.8545207693784654
vienna_2,Ribologic_Trp,0.18587660461680025,0.06945984007521962,0.0593358292475,0.3152040110275,-0.7589590848096984,0.6693311982453908,-2.02718690540975,0.5227889424507169
vienna_2_nodangles,1_FMN,0.22524179907520014,0.09662091228476918,0.036837749595,0.4191900271325,0.3419865381167378,0.9349490881789139,-1.5274810478614362,1.991403761177345
vienna_2_nodangles,2_FMN,-0.04389097961519999,0.04697801545456569,-0.1317138730525,0.05195882731249998,-1.2235818905829015,0.5732860029475966,-2.220873369071152,-0.008689916451149967
vienna_2_nodangles,3_FMN,0.09376059974969991,0.04498119880295966,0.0056148237325000004,0.18100944735499996,-0.5849554901426803,0.6151098593368215,-1.6914186854426445,0.7060940115355431
vienna_2_nodangles,4_FMN,0.14010350042799996,0.05346220701406873,0.0394599400525,0.25837940134,-1.3795002977415545,0.6136377041607687,-2.437478530063712,-0.004517553363358632
vienna_2_nodangles,5_FMN,0.24621783982059994,0.030917189594325715,0.1875836963875,0.3036641704875,-2.086155186364299,0.32878293103601536,-2.6483770857920867,-1.3913466802126495
vienna_2_nodangles,6_FMN,0.14187451155010006,0.037502634682646314,0.06610561386000001,0.21309195581999998,-1.195971741973053,0.6832119150027696,-2.3406259016386293,0.2589946424969267
vienna_2_nodangles,7_FMN,0.13671809687650008,0.025546882118718747,0.08758077770250002,0.18479781466499998,-1.6751500397842602,0.30275412821679876,-2.241181927784171,-1.0678255382499038
vienna_2_nodangles,8_Theo,0.18677218742190005,0.05825396688755126,0.07272435819749999,0.3005852361225,-1.1388931412372079,0.5234647999387698,-2.1360564295059037,-0.06309427705101849
vienna_2_nodangles,8_Trp,0.005968947357100001,0.07011312520523152,-0.13226451687000002,0.13686732091749992,-0.8959430608793796,0.7665307657464256,-2.170416005055947,0.7677584624252296
vienna_2_nodangles,Ribologic_FMN,0.16457524974989993,0.02310682200212031,0.12019131879500002,0.209274255165,-2.3226676508508417,0.20694864173634825,-2.676568633161848,-1.8801596596259036
vienna_2_nodangles,Ribologic_Theo,0.24078598466319978,0.07286853425201817,0.09741422514000002,0.379936868565,-2.059881260555681,0.5289253367329152,-2.7941915963389587,-0.8218528597467066
vienna_2_nodangles,Ribologic_Trp,0.1426379815626,0.0734340539084602,-0.003704804762499998,0.291899849375,-1.1826716192878077,0.6722197597123635,-2.351140803009128,0.329337577906814
